USE gameDB;
INSERT INTO Player (playerId, username, passwordd, winRate, drawRate, lossRate, totalPoints, status, timeJoin) VALUES
(1, 'user1', 'pass1', 0.6, 0.2, 0.2, 50, 'Online', '2023-10-01 10:00:00'),
(2, 'user2', 'pass2', 0.7, 0.1, 0.2, 70, 'Offline', '2023-10-02 11:00:00'),
(3, 'user3', 'pass3', 0.5, 0.3, 0.2, 60, 'Playing', '2023-10-03 12:00:00'),
(4, 'user4', 'pass4', 0.4, 0.3, 0.3, 40, 'Online', '2023-10-04 09:00:00'),
(5, 'user5', 'pass5', 0.8, 0.1, 0.1, 80, 'Offline', '2023-10-05 08:00:00'),
(6, 'user6', 'pass6', 0.6, 0.2, 0.2, 55, 'Online', '2023-10-06 07:00:00'),
(7, 'user7', 'pass7', 0.7, 0.1, 0.2, 75, 'Offline', '2023-10-07 06:00:00'),
(8, 'user8', 'pass8', 0.5, 0.3, 0.2, 65, 'Playing', '2023-10-08 05:00:00'),
(9, 'user9', 'pass9', 0.6, 0.2, 0.2, 50, 'Online', '2023-10-09 04:00:00'),
(10, 'user10', 'pass10', 0.4, 0.3, 0.3, 45, 'Offline', '2023-10-10 03:00:00');

INSERT INTO Scoreboard (scoreId, totalPoint, totalWins, totalDraws, totalLoss, ranking, playerId) VALUES
(1, 50, 5, 2, 3, 1, 1),
(2, 70, 7, 1, 2, 2, 2),
(3, 60, 6, 3, 1, 3, 3),
(4, 40, 4, 3, 3, 4, 4),
(5, 80, 8, 1, 1, 5, 5),
(6, 55, 5, 2, 3, 6, 6),
(7, 75, 7, 1, 2, 7, 7),
(8, 65, 6, 3, 1, 8, 8),
(9, 50, 5, 2, 3, 9, 9),
(10, 45, 4, 3, 3, 10, 10);

INSERT INTO Room (roomId, roomType, status) VALUES
(1, 'Tạo phòng', 'Chờ'),
(2, 'Ghép ngẫu nhiên', 'Chờ'),
(3, 'Tạo phòng', 'Chờ'),
(4, 'Ghép ngẫu nhiên', 'Chờ'),
(5, 'Tạo phòng', 'Đang chơi'),
(6, 'Ghép ngẫu nhiên', 'Đang chơi'),
(7, 'Tạo phòng', 'Chờ'),
(8, 'Ghép ngẫu nhiên', 'Đang chơi'),
(9, 'Tạo phòng', 'Chờ'),
(10, 'Ghép ngẫu nhiên', 'Chờ');

INSERT INTO Matchh (matchId, roundNumber, player1Choice, player2Choice, result, roundTime, roomId, beginTime) 
VALUES 
(1, 1, 'Kéo', 'Búa', '2', '2023-10-01 10:05:00', 1, '2023-10-01 10:00:00'), 
(2, 2, 'Bao', 'Kéo', '1', '2023-10-02 11:05:00', 2, '2023-10-02 11:00:00'), 
(3, 3, 'Búa', 'Búa', 'Hòa', '2023-10-03 12:05:00', 3, '2023-10-03 12:00:00'), 
(4, 1, 'Kéo', 'Búa', '2', '2023-10-04 09:05:00', 4, '2023-10-04 09:00:00'), 
(5, 2, 'Bao', 'Kéo', '1', '2023-10-05 08:05:00', 5, '2023-10-05 08:00:00'), 
(6, 3, 'Búa', 'Búa', 'Hòa', '2023-10-06 07:05:00', 6, '2023-10-06 07:00:00'), 
(7, 1, 'Kéo', 'Búa', '2', '2023-10-07 06:05:00', 7, '2023-10-07 06:00:00'), 
(8, 2, 'Bao', 'Kéo', '1', '2023-10-08 05:05:00', 8, '2023-10-08 05:00:00'), 
(9, 3, 'Búa', 'Búa', 'Hòa', '2023-10-09 04:05:00', 9, '2023-10-09 04:00:00'), 
(10, 1, 'Kéo', 'Búa', '2', '2023-10-10 03:05:00', 10, '2023-10-10 03:00:00');

INSERT INTO Player_Match (playerId, matchId) VALUES
(1, 1),
(2, 2),
(3, 3),
(4, 4),
(5, 5),
(6, 6),
(7, 7),
(8, 8),
(9, 9),
(10, 10);

INSERT INTO PlayerFriend (friendId, playerId) VALUES
(1, 2),
(2, 3),
(3, 4),
(4, 5),
(5, 6),
(6, 7),
(7, 8),
(8, 9),
(9, 10),
(10, 1);

INSERT INTO Player_Room (playerId, roomId, joinedAt) VALUES
(1, 1, '2023-10-01 10:00:00'),
(2, 2, '2023-10-02 11:00:00'),
(3, 3, '2023-10-03 12:00:00'),
(4, 4, '2023-10-04 09:00:00'),
(5, 5, '2023-10-05 08:00:00'),
(6, 6, '2023-10-06 07:00:00'),
(7, 7, '2023-10-07 06:00:00'),
(8, 8, '2023-10-08 05:00:00'),
(9, 9, '2023-10-09 04:00:00'),
(10, 10, '2023-10-10 03:00:00');

INSERT INTO AddFriend (addFriendId, playerId) VALUES
(1, 2),
(2, 3),
(3, 4),
(4, 5),
(5, 6),
(6, 7),
(7, 8),
(8, 9),
(9, 10),
(10, 1);







